"Offre_Entreprise","Offre_Entreprise_url","Offre_Localisation","Offre_Localisation_url","Offre_Age","Offre_Age_url","Offre_Description"
"Acii","https://fr.indeed.com/rc/clk?jk=1e1a32ecdd155b32&fccid=5a1fa5b85d12d636&vjs=3","Tours (37)","https://fr.indeed.com/rc/clk?jk=1e1a32ecdd155b32&fccid=5a1fa5b85d12d636&vjs=3","Postedil y a 6 jours","https://fr.indeed.com/rc/clk?jk=1e1a32ecdd155b32&fccid=5a1fa5b85d12d636&vjs=3","Dans le cadre d'un renforcement de l'équipe, nous recrutons pour l'un de nos clients basé à Tours, un Data Analyst H/F. Vous travaillez au sein d'une équipe Scrum, en collaboration les équipes de développements.Votre profil :- Première expérience idéalement ciblée sur l'analyse de la donnée et de sa restitution.- Fort esprit d'analyse, de synthèse et compréhension des enjeux métiers.- Impliqué sur la rigueur des livrables et de leurs contenus.- Maîtrise des bases de données et des langages SQL- Maîtrise Outil SAS
Les responsabilités
Venir en appui des équipes en place pour traiter les demandes d'extraction de données et/ou d'évolutions de traitements existants formulées par les diverses directions métiers ;
Analyser la demande préalablement à son traitement ;
Développer Les requêtes en SQL et/ou via des programmes SAS ;
Concevoir les livrables qui sont destinés à toutes les fonctions de l'entreprise. Ils peuvent nécessiter la mise en œuvre de contrôles techniques et fonctionnels ainsi que des échanges avec les métiers."
"APRIL","https://fr.indeed.com/rc/clk?jk=c3031f9f4d271d59&fccid=b022458419a9bd1c&vjs=3","37100 Tours","https://fr.indeed.com/rc/clk?jk=c3031f9f4d271d59&fccid=b022458419a9bd1c&vjs=3","Postedil y a 24 jours","https://fr.indeed.com/rc/clk?jk=c3031f9f4d271d59&fccid=b022458419a9bd1c&vjs=3","vos compétences techniques : techniques statistiques, gestion de bases de données, outils de bases de données, SGBD relationnels (SQL Server, PostgreSQL), ETL (Talend), langages de programmation (Ex : Java, Python, R, etc.), outils de visualisation (Qlik Sense, Google Data Studio), Suite Office (Excel, Word, Powerpoint), connaissance du RGPD, connaissance des principes de cybersécurité.
vos compétences transverses : capacité d'analyse et de synthèse, rigueur, orientation client, adaptabilité, capacité d'organisation et de planification, travail en équipe et en transverse, communication écrite, communication orale, la pratique de l’anglais professionnel sera un plus."
"Daher","https://fr.indeed.com/rc/clk?jk=42b16956665ad440&fccid=ca90748d4ca63157&vjs=3","Tours (37)","https://fr.indeed.com/rc/clk?jk=42b16956665ad440&fccid=ca90748d4ca63157&vjs=3","Postedil y a 30+ jours","https://fr.indeed.com/rc/clk?jk=42b16956665ad440&fccid=ca90748d4ca63157&vjs=3","Job Title
Data Analyst
Contract
Permanent
Context
Pour accompagner notre développement et renforcer notre équipe, nous recherchons un(e) Spécialist Data, en CDI. Vous serez rattaché(e) au Responsable Département Informatique, à Tours. Vous aurez pour mission de mettre et en œuvre des outils informatiques, des techniques et des méthodes statistiques pour permettre d’organiser, synthétiser et traduire efficacement des données.
Objective and mission
Plus précisément, vos principales missions seront :
Fournir un appui analytique à la conduite d’exploration et à l’analyse complexe de données,
Créer des algorithmes de recherche de données qui permettent d'explorer les données utiles.
Procéder à l'industrialisation du procédé pour les données les plus intéressantes. Et organiser, synthétiser et traduire les informations pour faciliter la prise de décision.
Gérer les opérations et l'administration, la modélisation et l'architecture des gisements de données. Et s'assurer que les bases de données existantes fonctionnent bien et en cohérence.
Gérer l'architecture et le pilotage de l’évolution de solutions analytiques, vous serez amené à dispatcher des actions à d’autres ressources internes et externes (industrialisation d’algorithmes, résolution d’incidents…) »
Join Daher is ...
Integrate a family group with a long-term vision
Make a difference in a developing company
Develop new skills thanks to the diversity of your missions
Take part in a human and industrial adventure full of challenges
Innovate and think outside the box by integrating a stimulating environment
Profile
Titulaire d'un Bac+5 en école Informatique ou équivalent, vous justifiez d'au moins 3 ans d'expérience en tant que Data Analyst, idéalement dans un environnement industriel (Aéronautique, Industrie, Energies, Logistique..).
Vous maitrisez les périmètre technologies : Microsoft Azure, SQL Server, Databricks , Pyhton, PySpark, Serverless, PowerBI , BD No SQL ,
Vous avez une appétence pour la data analyse et la gestion de projet.
Motivé(e), dynamique et doté(e) de grand sens de l'adaptabilité, le ou la candidat(e) devra avoir un sens aigu de la relation client et des compétences avancées en statistiques. Il est également nécessaire de maitriser l'anglais et d'être à l'aise dans le cadre de l'animation de projets sophistiqués auprès de décisionnaires exigeants.
(possibilité d'être basé(e) à Toulouse, Nantes ou Orly).
Education
Master, DEA, DESS, diplôme d'ingénieur (Bac+5): Computer and Information Science, Master, DEA, DESS, diplôme d'ingénieur (Bac+5): Mathematics
Experience
Languages
English
Status
Cadre
Time type
Full time
Region
Indre-et-Loire
Location
Tours - NEF
Creative and entrepreneur, develop your career at the heart of the biggest industrial challenges with Daher!"
"DAHER","https://fr.indeed.com/rc/clk?jk=7fbb5a00f1ea2754&fccid=ca90748d4ca63157&vjs=3","Tours (37)","https://fr.indeed.com/rc/clk?jk=7fbb5a00f1ea2754&fccid=ca90748d4ca63157&vjs=3","Postedil y a 30+ jours","https://fr.indeed.com/rc/clk?jk=7fbb5a00f1ea2754&fccid=ca90748d4ca63157&vjs=3","DATA ANALYST F/H
Ref. Apec : 167321256W / Ref. Société : R1407 2021
DAHER
1
CDI
Tours - 37
Publiée le 17/12/2021
Actualisée le 17/01/2022
Salaire
A partir de 45 k€ brut annuel
Prise de poste
Dès que possible
Expérience
Minimum 3 ans
Métier
Data analyst
Statut du poste
Cadre du secteur privé
Zone de déplacement
Pas de déplacement
Secteur d’activité du poste
FABRICATION DE PIÈCES TECHNIQUES À BASE DE MATIÈRES PLASTIQUES
Descriptif du poste
Participez à la mise en œuvre du socle Data Analytics, dans un contexte Cloud, avec des technologies innovantes, en constantes évolutions !
Pour accompagner notre développement et renforcer notre équipe, nous recherchons un(e) Spécialist Data, en CDI. Vous serez rattaché(e) au Responsable Département Informatique, à Tours. Vous aurez pour mission de mettre et en œuvre des outils informatiques, des techniques et des méthodes statistiques pour permettre d’organiser, synthétiser et traduire efficacement des données.
Plus précisément, vos principales missions seront :
Support à la conduite d’exploration et à l’analyse complexe de données,
Créer des algorithmes de recherche de données qui permettent d'explorer les données utiles.
Procéder à l'industrialisation du procédé pour les données les plus intéressantes. Organiser, synthétiser et traduire les informations pour faciliter la prise de décision.
Gérer les opérations et l'administration, la modélisation et l'architecture des gisements de données. S'assurer que les bases de données existantes fonctionnent bien et en cohérence.
Gérer l'architecture et le pilotage de l’évolution de solutions analytiques, vous serez amené à dispatcher des actions à d’autres ressources internes et externes (industrialisation d’algorithmes, résolution d’incidents…)
Périmètre fonctionnel :
Titulaire d'un Bac+5 en école Informatique ou équivalent, vous justifiez d'au moins 3 ans d'expérience en tant que Data Analyst, idéalement dans un environnement industriel (Aéronautique, Industrie, Energies, Logistique..).
Profil recherché
Vous maitrisez les périmètres technologiques :
Microsoft Azure, PASS, SQL Server, Databricks, Pyhton, PySpark, Serverless, PowerBI, BD NoSQL,
Vous avez une appétence pour la data analyse et la gestion de projet.
Motivé(e), dynamique et doté(e) de grand sens de l'adaptabilité, le ou la candidat(e) devra avoir un sens aigu de la relation client et des compétences avancées en statistiques. Il est également nécessaire de maitriser l'anglais et d'être à l'aise dans le cadre de l'animation de projets sophistiqués auprès de décisionnaires exigeants.
Entreprise
Daher est un avionneur et un équipementier industrie et services. Daher affirme son leadership dans 3 principaux métiers - construction d'avions, équipements et systèmes aéronautiques, services logistiques et supply chain - et a réalisé un chiffre d'affaires de 1,1 milliard d'euros en 2017. Fort de son actionnariat familial, Daher est tourné vers l'innovation depuis sa création en 1863. Aujourd'hui présent dans 12 pays, Daher s'impose comme acteur de référence de l'industrie 4.0, en concevant et développant des solutions à valeur ajoutée pour ses partenaires industriels.
Rejoindre Daher, c’est…
Intégrer un groupe familial possédant une vision à long terme,
Apporter sa pierre à l’édifice au sein d’une entreprise en développement,
Développer de nouvelles compétences grâce à la diversité de vos missions,
Prendre part à une aventure humaine et industrielle pleine de challenges,
Innover et sortir des sentiers battus en intégrant un environnement stimulant.
Personne en charge du recrutement
VANESSA BLAIS - CHEF DE PROJET RH"
"Inetum","https://fr.indeed.com/rc/clk?jk=b06c8d340854d044&fccid=e463fc7104734a53&vjs=3","Orléans (45)","https://fr.indeed.com/rc/clk?jk=b06c8d340854d044&fccid=e463fc7104734a53&vjs=3","Postedil y a 30+ jours","https://fr.indeed.com/rc/clk?jk=b06c8d340854d044&fccid=e463fc7104734a53&vjs=3","Pays
France
Emplacement
Orléans
Type de contrat
CDI"
"AUDENSIEL ASSURANCES","https://fr.indeed.com/rc/clk?jk=a17e6a7d7f9adb2e&fccid=617fe40330ae2ed8&vjs=3","Hybrid remote in Tours (37)","https://fr.indeed.com/rc/clk?jk=a17e6a7d7f9adb2e&fccid=617fe40330ae2ed8&vjs=3","Postedil y a 12 jours","https://fr.indeed.com/rc/clk?jk=a17e6a7d7f9adb2e&fccid=617fe40330ae2ed8&vjs=3","Data Analyst F/H
Ref. Apec : 167527641W
AUDENSIEL ASSURANCES
1
CDI
Tours - 37
Publiée le 25/01/2022
Actualisée le 25/01/2022
Salaire
33 - 42 k€ brut annuel
Prise de poste
Dès que possible
Expérience
Minimum 3 ans
Métier
Data analyst
Statut du poste
Cadre du secteur privé
Zone de déplacement
Pas de déplacement
Secteur d’activité du poste
INGÉNIERIE, ÉTUDES TECHNIQUES
Télétravail
Partiel possible
Descriptif du poste
Bonjour,
Nous sommes à la recherche d'un profil Data Analyst,
Localisation géographique : Tours
Périmètre fonctionnel : Assurance
Les compétences principales souhaitées:
SAS
Tableau Software
Échanges avec les directions concernées et les directions informatique
Extractions sur diverses sources
Modifications des traitements existants
Recettes
Documentation, reportings
Attente : bon relationnel, exp service informatique
Démarrage : ASAP
Pour plus de renseignements, merci de me contacter : Meorini Evan, xxxxxxxxxxxxxx
Profil recherché
Les compétences principales souhaitées:
SAS
Tableau Software
Échanges avec les directions concernées et les directions informatique
Extractions sur diverses sources
Modifications des traitements existants
Recettes
Documentation, reportings
Entreprise
Audensiel est un cabinet en transformation digitale, conseil métiers et conseil en technologies.
Audensiel accompagne ses clients de tout secteur d'activité en France et à l’international dans les domaines suivants :
Digital : projets de transformation digitale, de la direction de projets en méthode Agile en passant par l’AMOA et le développement d’applications jusqu’à la recette/test.
Conseil : conseil IT au sein des DSI et conseil métier au sein des directions fonctionnelles spécifiquement pour la Banque, l’Assurance et l’Industrie pharmaceutique.
Data/IA : Architecture et développement de solutions Big Data, DevOps. Développement d’outils d’Intelligence Artificielle.
Cybersécurité : audit et gestion de projets pour la défense et la sécurité de données.
Personne en charge du recrutement
Evan Meorini - Ingénieur d'affaires"
"Daher","https://fr.indeed.com/rc/clk?jk=8967021279e95706&fccid=ca90748d4ca63157&vjs=3","Tours (37)","https://fr.indeed.com/rc/clk?jk=8967021279e95706&fccid=ca90748d4ca63157&vjs=3","Postedil y a 30+ jours","https://fr.indeed.com/rc/clk?jk=8967021279e95706&fccid=ca90748d4ca63157&vjs=3","Job Title
Data Engineer
Contract
Permanent
Context
Pour accompagner notre développement et renforcer notre équipe, nous recherchons un(e) DATA ENGINEER, en CDI. Vous serez rattaché(e) au Responsable Département Informatique, à Tours. Vous serez garant de l’accès qualitatif aux sources de données.
Objective and mission
Plus précisément, vous vous assurez de la maîtrise de la donnée et êtes garant de la qualité de son utilisation (référencement, normalisation, et qualification) afin d’en faciliter l’exploitation par les équipes (Data Analysts et Data Scientists).
Vous contribuez également à la définition de la politique de la donnée et à la structuration de son cycle de vie dans le respect des réglementations en vigueur, en collaboration avec le Chief Data Officer. Son périmètre d’intervention est axé sur les systèmes applicatifs autour de la gestion de la donnée et du traitement, et sur les plateformes Big Data, IoT, …
Enfin, vous assurez la supervision et l’intégration des données de diverse nature qui proviennent de ces sources multiples et vérifie la qualité des données qui entrent dans le Data Lake (recette de la donnée, supprime les doublons, …).
Pour résumer, votre rôle clé au sein de l’équipe sera de :
Capter les données (structurées et non structurées) produites dans les différentes applications ou à l’extérieur de l’entité
Intégrer les éléments
Structurer la donnée (sémantique, etc.)
Cartographier les éléments à disposition
Nettoyer la donnée (élimination des doublons, …)
Valider la donnée
Éventuellement, créer le référentiel de données
Join Daher is ...
Integrate a family group with a long-term vision
Make a difference in a developing company
Develop new skills thanks to the diversity of your missions
Take part in a human and industrial adventure full of challenges
Innovate and think outside the box by integrating a stimulating environment
Profile
Titulaire d'un Bac+5 en école Informatique ou équivalent, vous justifiez d'au moins 3 ans d'expérience en tant que Data Engineer, idéalement dans un environnement industriel : Aéronautique, Industrie, Energies, Logistique, Services Industriels, Finance, RH, Legal, IT
Vous maitrisez les périmètre technologies : SQL, gestion BD, mise en place flux ETL, développement reporting PowerBI, gestion du run Data Analytics, SSIS, Microsoft Azure, SQL Server 2016, scripting PowerShell, transact SQL, analyse et modélisation de données, méthodes de développement Agile.
Motivé(e), dynamique et doté(e) de grand sens de l'adaptabilité, il est également nécessaire de maitriser l'anglais.
Education
Master, DEA, DESS, diplôme d'ingénieur (Bac+5): Computer and Information Science, Master, DEA, DESS, diplôme d'ingénieur (Bac+5): Mathematics
Experience
Languages
English
Status
Cadre
Time type
Full time
Region
Indre-et-Loire
Location
Tours - NEF
Creative and entrepreneur, develop your career at the heart of the biggest industrial challenges with Daher!"
"EATON","https://fr.indeed.com/rc/clk?jk=c8af6487d3a6cbe3&fccid=87f38351bd29de24&vjs=3","Nouan-le-Fuzelier (41)","https://fr.indeed.com/rc/clk?jk=c8af6487d3a6cbe3&fccid=87f38351bd29de24&vjs=3","Postedil y a 30+ jours","https://fr.indeed.com/rc/clk?jk=c8af6487d3a6cbe3&fccid=87f38351bd29de24&vjs=3","As a Data Manager:
Responsible for adding and amending all product data on the Company ERP system.
Facilitating the Engineering Change Control (ECC) process to ensure that new and changed Bills of Materials (BoM) and routings are accurate, fully comprehensive and completed in a timely manner.
Measure and audit / police data accuracy in order to achieve complete data accuracy.
Support the process of New Product Development, Introduction and End Life product to ensure full and timely completion to plan.
As this function is the arbitrator between demand and supply, looking to maximize customer satisfaction as best they can, which can involve balancing production loads, and taking account of material supplies, it is vitally important that this function remains customer focused.
Developing the necessary data management skills, disciplines and procedures throughout the Company in order to create a data accuracy process and culture.
Educating and training another resource to cover the Data Manager role.
Participating to the short term demand, linked with the Demand Manager.
The incumbent operates within the Engineering / Product Development team and interacts with Engineering, Manufacturing, Purchasing, Customer Service, Stores, Accounts, Quality, Product Manager and Marketing to ensure that the highest levels of data accuracy are created and maintained.
The role also plays a significant part in the S&OP process at the supply review step and therefore interacts with all functions within the organization and operates at a tactical / medium term time horizon as well as managing in the short term
Accountability to management for safety performance
Qualifications
Duration and type of Professional Experience :
3/5 years experience in a similar role in the industry.
Fluent in French & English
Experience with SAP mandatory
Personal capacities & skills :
Thinks and acts strategically
Gets results through self and others
Builds organizational capability
Demonstrates a leadership style
Define priorities
Knowledge of Bill of Material structures.
Understanding of the MRPII process and ERP systems.
Understanding of the Engineering Change Control (ECC) procedure
Understanding of the New Product Development & Introduction procedure
Product and manufacturing process knowledge is highly desirable
Strong communication and influencing skills.
Proactive approach to problem solving to ensure permanent solutions are fully implemented.
This position must possess an in-depth knowledge of MRPII, S&OP, ERP systems and JIT concepts.
#LI-AS1
What you will get from us
Eaton’s mission is to improve the quality of life and the environment through the use of power management technologies and services. We provide sustainable solutions that help our customers effectively manage electrical, hydraulic and mechanical power – more safely, more efficiently and more reliably. Making what matters work at Eaton takes the passion of every employee around the world. We create an environment where creativity, invention and discovery become reality, each day. It’s where bold, bright professionals like you can reach your full potential—and where you can help us reach ours. Eaton’s 2020 revenues were $17.9 billion, and we sell products to customers in more than 175 countries. We have approximately 85,000 employees.
We make work exciting, engaging and meaningful for our employees through our dedication to tackling some of the toughest power management challenges on the planet and by never losing sight of what matters. Our culture is built on a strong commitment to practicing our core values and supporting our employees with the tools they need to succeed. We pledge to always foster a diverse and inclusive environment, including inclusion resource groups that bring together employees who share a common purpose, interest or background. In the past year, our company has received top employment recognition by the Human Rights Campaign and almost fifty percent of our Board of Directors represented diverse groups. When we embrace the different ideas, perspectives and backgrounds that make each of us unique, we — as individuals and as a company — are stronger.
We have demonstrated our passion for sustainability with the recent announcement of cutting carbon emissions from the company’s operations by at least 50 percent by 2030. We are ethical, passionate, accountable, efficient, transparent and committed to learning. We are confident we can deliver on our promise to improve the quality of life and the environment because of the attributes that our employees embody.
We are committed to ensuring equal employment opportunities for all job applicants and employees. Employment decisions are based upon job-related reasons regardless of an applicant's race, color, religion, sex, sexual orientation, gender identity, age, national origin, disability, marital status, genetic information, protected veteran status, or any other status protected by law.
Job: Manufacturing & Operations
Region: Europe, Middle East, Africa
Organization: ES EMEA CS LS Life Safety
Job Level: Individual Contributor
Schedule: Full-time
Is remote work (i.e. working from home or another Eaton facility) allowed for this position?: No
Does this position offer relocation?: No
Travel: No"
"Euro Wipes","https://fr.indeed.com/rc/clk?jk=18fd1c2e914946fc&fccid=0b3eb8e5a6ea8af1&vjs=3","Nogent-le-Rotrou (28)","https://fr.indeed.com/rc/clk?jk=18fd1c2e914946fc&fccid=0b3eb8e5a6ea8af1&vjs=3","Postedil y a 30+ jours","https://fr.indeed.com/rc/clk?jk=18fd1c2e914946fc&fccid=0b3eb8e5a6ea8af1&vjs=3","Présentation de l’entreprise
Vous souhaitez intégrer une entreprise dynamique (entreprise créée il y a 20 ans), innovante (prône les lingettes
biodégradable) et avec de fortes perspectives d’évolution et de croissance dans les domaines de l’hygiène et de la
cosmétique ?
Rejoignez-nous !
eurowipes, filiale du groupe ANJAC HEALTH & BEAUTY dont le chiffre d’affaires approche 400 millions d’euros et
emploie plus de 2 000 collaborateurs, produit à façon des lingettes, cotons, compresses et masques imprégnés pour
le compte de marques internationales et de laboratoires cosmétiques et pharmaceutiques.
Afin d’accompagner notre croissance, nous recherchons des talents capables de s’investir dans l’amélioration
constante de nos processus et d’être acteurs dans la progression de notre organisation.
Notre société est située en Eure et Loir (28 – Nogent-le-Rotrou) au carrefour du MANS, de CHARTRES et de Paris, le
tout accessible par le train !!
Descriptif de l’offre
Vous aurez la charge d’accompagner le contrôleur de gestion / informatique, dans les projets en qualité de Data
master, pour se faire vous travaillerez au sein d’un service dynamique et enthousiaste.
Le défi à relever, si vous l’accepter, sera d’être garant de la donnée du site de production ainsi que celles qui seront
remontées au groupe. Vous serez le gardien de l’information fiable. Pour vous aider vous aurez à votre disposition
notre ERP sage.
Vous vous reconnaissez dans cette offre ? Vous aimez les défis ? Vous aspirez à rejoindre une société qui permet à
ses talents de se développer et de progresser ? Nous vous invitons à envoyer votre candidature à notre service
Ressources Humaines, à l’adresse recrutement@eurowipes.com.
Profil recherché
Pour remplir à bien ces missions, nous recherchons homme ou femme de terrain, ayant une logique de flux
industriel, de formation système d’information et contrôle de gestion, Bac+3 à Bac +5. Une première expérience
dans le domaine de l’industrie serait un plus.
Afin de réaliser au mieux les tâches qui vous seront donnés, un parcours d’intégration facilitera votre adaptation et
votre réussite à cette nouvelle prise de poste.
Informations contractuelles
Contrat à Durée Indéterminée – temps plein
Démarrage dès que possible"
"SYD CONSEIL MANAGEMENT","https://fr.indeed.com/rc/clk?jk=c043bf0f545ead99&fccid=02c1e0aabffbdef8&vjs=3","Tours (37)","https://fr.indeed.com/rc/clk?jk=c043bf0f545ead99&fccid=02c1e0aabffbdef8&vjs=3","Postedil y a 13 jours","https://fr.indeed.com/rc/clk?jk=c043bf0f545ead99&fccid=02c1e0aabffbdef8&vjs=3","Extraction de données sur diverses sources
Documentation de l'ensemble des traitements
Reportings identifiés par métier
Échanges avec les directions métiers concernées"
"Groupe Scael","https://fr.indeed.com/company/Groupe-Scael/jobs/Responsable-R%C3%A9f%C3%A9rentiels-Donn%C3%A9es-88131431267d3d65?fccid=4353cf2a5fc6c561&vjs=3","28000 Chartres","https://fr.indeed.com/company/Groupe-Scael/jobs/Responsable-R%C3%A9f%C3%A9rentiels-Donn%C3%A9es-88131431267d3d65?fccid=4353cf2a5fc6c561&vjs=3","PostedAujourd'hui","https://fr.indeed.com/company/Groupe-Scael/jobs/Responsable-R%C3%A9f%C3%A9rentiels-Donn%C3%A9es-88131431267d3d65?fccid=4353cf2a5fc6c561&vjs=3","Type d'emploi : CDI"
"Parfums Christian Dior","https://fr.indeed.com/rc/clk?jk=98a9f396f149e663&fccid=6a2be34af774e2bb&vjs=3","45800 Saint-Jean-de-Braye","https://fr.indeed.com/rc/clk?jk=98a9f396f149e663&fccid=6a2be34af774e2bb&vjs=3","Postedil y a 30+ jours","https://fr.indeed.com/rc/clk?jk=98a9f396f149e663&fccid=6a2be34af774e2bb&vjs=3","VOTRE IMPACT
L’équipe Master Data fait partie de l’organisation Méthodes et Projets Supply Chain Internationale, et est en charge de la gouvernance des données de références ( Articles, Clients… ) pour l’ensemble de la maison Parfums Christian Dior.
Au sujet de l’équipe Master Data, le Responsable du Service est en charge d’ accompagner et coordonner les actions et projets Master data Logistique monde.
VOTRE MISSION
En tant que Responsable Master Data, vous aiderez les coordinateurs et gestionnaire logistique de l’équipe à challenger les équipes partenaires dans le but d’atteindre la complétude et la qualité des données de références de votre périmètre pour assurer les besoins de la Supply Chain et des Opérations.
Vous agirez en tant que référent et d’encadrant pour l’équipe.
Votre principale mission sera axée sur la gouvernance des données et l’animation d’un réseau de contributeurs clefs impliqués dans la complétude des informations du périmètre.
Vous contribuerez à la refonte des processus de gestion des masters data dans le cadre du projet de refonte des Systèmes d’information et vous contribuerez à développer des outils permettant de challenger l’exhaustivité et la qualité des données et d’assurer l’intégrité et l’unicité de ces dernières.
VOS OBJECTIFS
Vous assurez la complétude et la qualité des données (disponibilité, accessibilité, cohérence, utilisation).
Vous maintenez la cartographie des données et des gouvernances associées.
Vous mettez en place et assurez la conformité aux règles standards et master data management.
Vous assurez la diffusion pertinente des données auprès des interlocuteurs et marchés concernés et autres acteurs identifiés.
Vous participez aux différents projets du service
VOS ACTIVITES PRINCIPALES
Structuration des Master data :
Vous définissez la structure des données et assurez la classification de ces données.
Vous vous assurez de la responsabilité claire de chacune des données et des règles de gestion associées.
Vous mettez en place les canaux de communication autour des masters data auprès du métier.
Vous maintenez les éléments de formation.
Création des Master Data
Vous formalisez et coordonnez les flux permettant d’assurer la création des données entre fonctions.
Vous assurez la mise à disposition des données en temps et en heure.
Vous mettez en place et animez un processus d’analyse et de mise à jour de la cohérence des Masters Datas.
Vous fournissez un support aux équipes métiers pour assurer le nettoyage et l’archivage des données.
Cohérence des Masters Data
Vous mettez en place et animez un processus d’analyse et de mise à jour de la cohérence des Masters Datas.
Vous fournissez un support aux équipes métiers pour assurer le nettoyage et l’archivage des données.
Reporting
Vous définissez, harmonisez et publiez les KPI en lien avec son périmètre.
Vous requestionnez, définissez et mettez en place les outils associés.
Profile
QUI ÊTES-VOUS ?
Vous avez une bonne compréhension des métiers et processus Industriels et de la Supply Chain.
Vous maîtrisez les Système d’Informations et les bases de données.
Vous avez une expérience significative de management et de conduite de projets.
Vous avez une bonne connaissance des standards de master data management.
Vous êtes reconnu pour votre capacité à gérer le changement avec pédagogie et méthodologie.
Votre connaissance de SAP et idéalement d’un outil de PLM et/ou MDM sera appréciée.
Votre aisance relationnelle, et vos capacités d’analyse et d’organisation seront des atouts pour ce poste.
Votre anglais est courant.
Le poste est situé à Saint Jean de Braye
How Far Will You Take Dior ?"
"BlueSoftGroup","https://fr.indeed.com/rc/clk?jk=fc4d7c00dfb02589&fccid=8a0d6afe401cc65f&vjs=3","Tours (37)","https://fr.indeed.com/rc/clk?jk=fc4d7c00dfb02589&fccid=8a0d6afe401cc65f&vjs=3","Postedil y a 12 jours","https://fr.indeed.com/rc/clk?jk=fc4d7c00dfb02589&fccid=8a0d6afe401cc65f&vjs=3","Prestations attendues :"
"Kaino Consulting","https://fr.indeed.com/rc/clk?jk=37c7bede3c1b9ef5&fccid=a6a59f7a48130f9c&vjs=3","Hybrid remote in Tours (37)","https://fr.indeed.com/rc/clk?jk=37c7bede3c1b9ef5&fccid=a6a59f7a48130f9c&vjs=3","Postedil y a 30+ jours","https://fr.indeed.com/rc/clk?jk=37c7bede3c1b9ef5&fccid=a6a59f7a48130f9c&vjs=3","Data Engineer F/H
Ref. Apec : 167299438W
Kaino Consulting
1
CDI
Tours - 37
Publiée le 14/12/2021
Actualisée le 01/02/2022
Salaire
35 - 45 k€ brut annuel
Prise de poste
Dès que possible
Expérience
Minimum 2 ans
Métier
Ingénieur data
Statut du poste
Cadre du secteur privé
Zone de déplacement
Pas de déplacement
Secteur d’activité du poste
CONSEIL POUR LES AFFAIRES ET AUTRES CONSEILS DE GESTION
Télétravail
Partiel possible
Descriptif du poste
Mission :
Vous prenez un poste de Data Engineer au sein d'une équipe Data et êtes en charge de la conception, gestion et administration des bases de données des clients de l'entreprise.
A ce titre vos responsabilités sont :
Développer et designer les architectures de données
Construire des pipelines de données
Automatiser la récupération de données depuis des sources ou API externes
Structurer, normaliser et unifier les données à partir de sources multiples
Concevoir, construire et lancer de nouveaux modèles de données efficaces et fiables
Maintenir, contrôler, sécuriser les bases de données
Profil recherché
Profil :
Diplôme d’Ingénieur en informatique ou équivalent
Bonne connaissance des SGBD (requêtes, schémas de données, création de BDD ...)
Bon niveau sur SQL et idéalement sur les ETL (Talend ou équivalent)
Bon niveau en programmation (scripts Python / R)
Notions Devops et Infrastructure
Entreprise
Agence Data / Groupe Media
Groupe en pleine croissance
Tours, Rennes ou Bordeaux
Vous rejoignez un groupe français spécialisé dans le Data Marketing auprès de grandes marques notamment dans les domaines du Retail et du E-commerce.
Dans le cadre de leur croissance, ils recherchent un Data Engineer.
Personne en charge du recrutement
Chloé Guichard-diot - Recruteur"
"ESPACE EMPLOI DU CHRU DE TOURS","https://fr.indeed.com/rc/clk?jk=e9f9a7c88a736df2&fccid=e4877e93358f5e42&vjs=3","37000 Tours","https://fr.indeed.com/rc/clk?jk=e9f9a7c88a736df2&fccid=e4877e93358f5e42&vjs=3","Postedil y a 15 jours","https://fr.indeed.com/rc/clk?jk=e9f9a7c88a736df2&fccid=e4877e93358f5e42&vjs=3","Description de la mission :
Le poste comprend deux axes :
A. Un axe A orienté sur les structures régionales ou nationales : COREVIH (0.3 ETP), CNCDN (0.2 ETP).
Missions : mise en qualité, cohérence des bases de données existantes et répondre aux différentes demandes d’extraction de données, pour exploitation et analyses dans la structures des indicateurs et autres études :
Suivi, optimisation du fonctionnement et contrôle qualité ;
Rapport d'activité, automatisation d'indicateurs de suivi ;
Analyses pour les recherches sur les parcours.
B. Un axe B orienté sur l'exploitation statistique de bases de données médico-administratives nationales ou régionales à la demande des médecins cliniciens du CHU de Tours afin d’analyser des parcours de santé. Cet axe sera à développer avec les collègues du CHU sur l’activité et les parcours au sein du CHU/Département/région et aussi les enseignants chercheurs notamment dans le cadre des appels à projet recherche de la Direction Générale de l’Offre de Soins (DGOS) et les projets Health data Hub :
Programme de Médicalisation des Systèmes d’Information (PMSI) dans les 4 champs d'hospitalisation : Court-séjour (MCO), Moyen séjour, Psychiatrie, Hospitalisation à Domicile (HAD) ;
Datamart Consommation Inter Régimes (DCIR) de l'Assurance-Maladie, pour les prises en charge extra-hospitalières, SNDS ;
Exploitation scientifique de l’entrepôt interrégional lorsque celui-ci sera fonctionnel du Ri-CDC.
Le data manager, par son travail sur ces 2 axes, contribuera au développement de la recherche en santé (parcours de santé) au CHU de Tours avec :
Gestion des bases de données de santé: mise en qualité des données, points réguliers avec les producteurs de données au sein des structures.
Manipulation des entrepôts nationaux de l’ATIH (PMSI) et SNDS pour des études de recherche sur des données patients.
Datamanagement pour des appels à projet sur des données de santé nationales ou locales
Mise à disposition de reporting spécifiques du type « suivi d’activité COVID », en lien avec les acteurs de santé du CHRU de Tours (Pôle Santé Publique Prevention et au-delà)."
"Parfums Christian Dior","https://fr.indeed.com/rc/clk?jk=98a9f396f149e663&fccid=6a2be34af774e2bb&vjs=3","45800 Saint-Jean-de-Braye","https://fr.indeed.com/rc/clk?jk=98a9f396f149e663&fccid=6a2be34af774e2bb&vjs=3","Postedil y a 30+ jours","https://fr.indeed.com/rc/clk?jk=98a9f396f149e663&fccid=6a2be34af774e2bb&vjs=3",""
"CNAV","https://fr.indeed.com/rc/clk?jk=165af668ca7619ad&fccid=0abb47180c61805f&vjs=3","Hybrid remote in 37100 Tours","https://fr.indeed.com/rc/clk?jk=165af668ca7619ad&fccid=0abb47180c61805f&vjs=3","Postedil y a 28 jours","https://fr.indeed.com/rc/clk?jk=165af668ca7619ad&fccid=0abb47180c61805f&vjs=3","Contribuer aux études préalables ; - Intervenir dans l’analyse des besoins émis par les équipes métiers ou MOA ; - Prendre en charge la spécification fonctionnelle ; - Prendre en charge la réalisation de demandes simples nécessitant des requêtes et traitements puis expliquer les résultats produits ; - Aider au choix et aux orientations sur les nouveaux usages liés à la data.- Conseil aux équipes métiers (datascientist, fraude…) et aux MOE ;
Accompagnement à la mise en place du datalake au sein de la Direction de la Gestion de la Donnée sur votre périmètre fonctionnel et participer à son enrichissement ;
Contribution à l’amélioration continue de la qualité des données dans le SI et participer à l'amélioration des performances et des fonctionnalités de notre offre de service Big Data ;
Echanges et accompagnement de nos data scientists pour élaborer des modèles prédictifs et d’IA ;
Enrichissement du catalogue de données."
"Dematic","https://fr.indeed.com/rc/clk?jk=8badbf4257f65f4d&fccid=a8f329dd0b768fb7&vjs=3","Saint-Jean-de-la-Ruelle (45)","https://fr.indeed.com/rc/clk?jk=8badbf4257f65f4d&fccid=a8f329dd0b768fb7&vjs=3","Postedil y a 17 jours","https://fr.indeed.com/rc/clk?jk=8badbf4257f65f4d&fccid=a8f329dd0b768fb7&vjs=3","Database administrator for new and existing customer sites across European region
What we offer:
Installation of databases on our customers' IT infrastructures
Monitoring and tuning during the qualification steps of our software package
Maintain all the bases installed at our customers' premises in operational condition.
Regular 24/7 on-call for a week
Tasks and Qualifications:
Minimum 3 years’ experience as a Database Administrator on Oracle software
Dataguard
Lighty and Solarwind tools
RMAN backup
Control on Windows and Linux
Cluster environment (Oracle Failsafe)
Good control on Oracle’s optimizer
Base 11 à 19c
Ideally, an experience on SQL Server
Professional English required"
"Mr Bricolage","https://fr.indeed.com/rc/clk?jk=67b47e586133f467&fccid=8cb0f095c6dcad27&vjs=3","La Chapelle-Saint-Mesmin (45)","https://fr.indeed.com/rc/clk?jk=67b47e586133f467&fccid=8cb0f095c6dcad27&vjs=3","Postedil y a 30+ jours","https://fr.indeed.com/rc/clk?jk=67b47e586133f467&fccid=8cb0f095c6dcad27&vjs=3","INGENIEUR DE DONNEES H/F
Mr.Bricolage, groupe d’adhérents entrepreneurs indépendants, est le spécialiste français de la rénovation et de l’embellissement de la maison et du jardin.
Notre ambition : devenir le leader incontesté de la proximité ; être utiles à nos clients en leur apportant bien plus que des produits, et en faisant de nos magasins de véritables lieux de vie.
Sur un marché en perpétuelle évolution, nous avons la conviction que notre singularité est un élément majeur pour répondre aux évolutions des besoins, des usages et des modes de vie de nos clients. Nous poursuivons notre transformation digitale, en alliant le meilleur du e.commerce et du magasin physique.
Mr Bricolage recherche un INGENIEUR DE DONNEES (H/F) en CDI pour son siège social situé à proximité d'ORLEANS (45).
Au sein de notre équipe Business Intelligence, nous recherchons de nouveaux talents pour participer aux projets et développement d’applications dans les domaines de la DATA et du DECISIONNEL.
Les challenges que tu devras relever ?
Tu seras en charge de la bonne intégration des données, de leur stockage et de leur modélisation dans le respect des bonnes pratiques que vous déploierez.
Tes missions :
Structurer le Datawarehouse
Organiser la récupération des données brutes de l’entreprises et leur gestion,
Concevoir les modèles de données les plus pertinents,
Contribuer à la rédaction des règles (guidelines) pour la bonne mise en œuvre des technologies ETL,
Réaliser les tests et recettes techniques pour vérifier l’alimentation et la cohérence des données,
Concevoir des flux SSIS et alimenter des bases de données SQL Server,
Revoir l’architecture des bases,
Assurer l'exploitation des traitements et optimiser l'utilisation des ressources, …
Tes connaissances sur les solutions et environnements suivants seront très précieuses :
Environnement BI de la suite Microsoft de SQL Serveur (SSIS, SSRS, SSAS)
Solutions de Reporting, Data Visualization/Smart BI et des principes de modélisations de flux (BO, Microstrategy, Power BI…)
Méthodes Agiles
Ta vision transverse de la data chez Mr Bricolage et ta compréhension des enjeux business seront clés pour préparer la donnée en amont de la construction des dashboards et faciliter la prise en main de ces données par les analystes ou chefs de projet intervenant sur le reporting.
Profil souhaité
Diplômé d’études supérieures en informatique (bac+5), tu disposes d’une expérience de 5 ans minimum. Pédagogue, tu sais vulgariser la technique dans tes échanges oraux et écrits, quel que soit l’interlocuteur. Curieux, tu témoignes d’une forte appétence pour la compréhension du fonctionnement des systèmes. Tu cherches coûte que coûte la meilleure solution technique à mettre en œuvre. Autonome, tu apprécies également le travail en équipe et tu te montres à l’aise dans la gestion de projets en simultané. Passionné des sujets Data, tu aimes te tenir au courant des nouvelles innovations technologiques, et pratiques une veille régulière.
3 bonnes raisons de nous rejoindre :
+ de 400 magasins en France
Une aventure de 40 ans qui n’est pas prête de s’arrêter
Chaque collaborateur a un rôle essentiel dans la réussite de Mr.Bricolage
De notre côté, nous t’offrirons la liberté de construire ton projet pro et l’envie de te dépasser.
Derrière une grande marque il y a toujours une grande équipe ! Ce poste est fait pour toi alors clique sur « Postuler ».
Mr.Bricolage, nous avons de grands projets et vous en faites partie !
Cadre
CDI
Temps plein
LA CHAPELLE SAINT MESMIN (45)"
"Groupama Paris Val de Loire","https://fr.indeed.com/rc/clk?jk=b8d600f44a9c0197&fccid=001c941b4bd131d5&vjs=3","Olivet (45)","https://fr.indeed.com/rc/clk?jk=b8d600f44a9c0197&fccid=001c941b4bd131d5&vjs=3","Postedil y a 30+ jours","https://fr.indeed.com/rc/clk?jk=b8d600f44a9c0197&fccid=001c941b4bd131d5&vjs=3","Avec 1650 collaborateurs sur 14 départements réalisant un CA de 728 M€, Groupama Paris Val de Loire est un acteur Assur-banque incontournable du tissu économique et social de son territoire.
Dans le cadre de la nouvelle Direction de la Transformation à Olivet, nous créons le poste de Chargé de projets Data et Pilotage.
Missions :
Garantir la cohérence des données et des indicateurs de pilotage de l’entreprise :
Connaître le système d’information et l’architecture de données de l’entreprise et du groupe
Assister et conseiller les utilisateurs dans la définition de leurs besoins de données et d’indicateurs
Formaliser les demandes, et les rediriger (chargé de projets informatique décisionnelle, administrateur technique du SI, Centre Informatique)
Tester les données et indicateurs
Gérer et maintenir fonctionnellement le système d’informations décisionnel de l’entreprise (dictionnaire des indicateurs…)
Représenter l’Entreprise aux réunions nationales data et pilotage
Participer à la conception des évolutions nationales data et pilotage (modèle de données, outils de requêtes…)
Mettre en œuvre et gérer le système de reporting :
Apporter une expertise technique pour assister les utilisateurs dans la construction de tableaux de bord ou de requêtes simples
Assister les utilisateurs dans la définition de leurs besoins de reportings complexes ou transverses, les mettre en place et les tester
Garantir la cohérence d système de reporting (dictionnaire des applications, etc)
Participer aux grands projets de l’Entreprise
Participer à des travaux impliquant la Direction de la transformation :
Collaborer à la conduite de travaux transversaux
Apporter la connaissance du système de pilotage
Proposer et mettre en œuvre des solutions de pilotage
Profil
De formation supérieure en gestion / data ou Informatique, vous maîtrisez idéalement :
la conception d’applications de reporting et de modèles de données décisionnels,
leur mise en œuvre informatique,
les outils SQL, l’architecture de bases de données, la suite Qlik.
Une expérience des techniques d’audit et du logiciel SAS seront un plus.
YS.
Profil principal
Audit / Organisation / Qualité - Pilotage et stratégie
Type de contrat
CDI
Statut conventionnel appliqué/ Classe
CCN Stés Assurance 27 mai 1992/Classe 5
Catégorie emploi
Cadre
Structure de l'organisation
Caisse régionale Groupama Paris Val de Loire
Localisation du poste
Localisation du poste à pourvoir
France, Centre-Val de Loire, LOIRET (45)
Ville
OLIVET
Critères candidat
Niveau d'études min. requis
Bac+5 et plus
Niveau d'expérience min. requis
de 2 ans"
"EATON","https://fr.indeed.com/rc/clk?jk=c8af6487d3a6cbe3&fccid=87f38351bd29de24&vjs=3","Nouan-le-Fuzelier (41)","https://fr.indeed.com/rc/clk?jk=c8af6487d3a6cbe3&fccid=87f38351bd29de24&vjs=3","Postedil y a 30+ jours","https://fr.indeed.com/rc/clk?jk=c8af6487d3a6cbe3&fccid=87f38351bd29de24&vjs=3",""
"CNRS","https://fr.indeed.com/rc/clk?jk=6f30a7dfb563150f&fccid=928c8d8fc6e64dfd&vjs=3","Orléans (45)","https://fr.indeed.com/rc/clk?jk=6f30a7dfb563150f&fccid=928c8d8fc6e64dfd&vjs=3","Postedil y a 30+ jours","https://fr.indeed.com/rc/clk?jk=6f30a7dfb563150f&fccid=928c8d8fc6e64dfd&vjs=3","L'assistant-e immobilier est chargé-e d'assurer la gestion et l'actualisation de l'ensemble des données et indicateurs concernant le patrimoine du CNRS sur le périmètre de la Région Centre-Val de Loire et du Nord Aquitaine. Il-elle assure accessoirement des missions d'appui à la gestion immobilière des Campus du CNRS à Orléans (45) et à Chizé (79).
Activités :
Gestion et actualisation de l'ensemble des données et indicateurs patrimoniaux :
Proposer, gérer et actualiser l'ensemble des données et indicateurs concernant le patrimoine de la Délégation.
Etablir et mettre à jour l'inventaire du patrimoine immobilier : les plans détaillés des sites, les plans des réseaux de toute nature (eaux usées, eaux vannes, eaux pluviales, électriques, gaz, informatiques...).
Assurer le récolement, la conservation et l'actualisation des dossiers techniques, des dossiers ouvrages exécutés (DOE), des dossiers d'interventions ultérieures sur l'ouvrage (DIUO), des dossiers techniques amiante (DTA), des diagnostics énergétiques, des Installations classées protection de l'environnement (ICPE).
Alimenter les tableaux de bord de gestion du patrimoine.
Traiter les questions de domanialité.
Effectuer des relevés et établir des métrés du bâtiment.
Appui à la gestion immobilière :
Effectuer des relevés et établir des métrés du bâtiment.
Réaliser des chiffrages de travaux immobilier.
Suivre la planification des opérations du service Patrimoine et Logistique.
Suivre la bonne exécution des marchés de prestations intellectuelles de son domaine.
Décrire un ouvrage et les exigences techniques liées à sa réalisation.
Compétences :
Connaissances :
Technique des différents corps de métiers du bâtiment et du génie civil (VRD) (notion de base).
Contraintes liées aux immeubles (connaissance générale).
Système d'information et gestion électronique des documents (connaissance approfondie).
Réglementation Déclaration d'Intention de Commencement de Travaux (DICT), déclaration d'ouverture de chantier (DROC) (connaissance générale).
Règles d'urbanisme concernant les autorisations administratives (Permis de construire, DP, ATMH, autorisation d'aménager des ERP...).
Domanialité publique (connaissance générale).
Principe de fonctionnement des organisations (notion de base).
Techniques de relevés topographiques (notion de base).
Réglementation de la commande publique (notion de base).
Droit immobilier.
Langue anglaise : B1 (cadre européen commun de référence pour les langues).
Compétences opérationnelles :
Utiliser de manière optimale les logiciels spécifiques à l'activité (conception assistée par ordinateur (CAO), dessin assisté par ordinateur (DAO), Building Information Modeling (BIM), Gestion de projets (MS Project) et outils de bureautique).
Utiliser les matériels de géomètre pour réaliser des relevés.
Utiliser les logiciels de métré et de chiffrage d'opération.
Savoir planifier et respecter des délais.
Rédiger des documents techniques de type Cahier des clauses techniques et particulière (CCTP).
Réaliser des plans détaillés d'un bâtiment, ou d'une opération.
Réaliser un plan de maintenance assistée par ordinateur.
Savoir être :
Etre rigoureux et organisé.
Etre autonome et savoir rendre compte.
Savoir travailler en équipe.
Contexte :
La délégation Centre Limousin Poitou-Charentes est présente sur la Région Centre-Val de Loire et la Région Nord Aquitaine. La circonscription a la particularité d'assurer la maintenance immobilière des Campus du CNRS d'Orléans (Loiret) et de Chizé (Deux Sèvres) qui représentent 54 000 m² de SHON.
Le Service Patrimoine et Logistique, basé à Orléans, est composé d'un responsable de service, auprès duquel l'assistant-e immobilier est rattaché-e, d'un adjoint au responsable de service, d'un responsable opérationnel du Campus CNRS d'Orléans, d'un assistant ingénieur logistique de l'unité Délégation régionale et du Campus CNRS d'Orléans.
Des déplacements ponctuels sont à prévoir sur le site de Chizé (Deux Sèvres)."
"ALBA RECRUTEMENT","https://fr.indeed.com/rc/clk?jk=16ca354ff1238880&fccid=74fe56f33d93bfd8&vjs=3","Hybrid remote in Romorantin-Lanthenay (41)","https://fr.indeed.com/rc/clk?jk=16ca354ff1238880&fccid=74fe56f33d93bfd8&vjs=3","Postedil y a 21 jours","https://fr.indeed.com/rc/clk?jk=16ca354ff1238880&fccid=74fe56f33d93bfd8&vjs=3","Administrateur Base de Données F/H
Ref. Apec : 167474015W
ALBA RECRUTEMENT
1
CDI
Romorantin-Lanthenay - 41
Publiée le 18/01/2022
Actualisée le 18/01/2022
Salaire
A négocier
Prise de poste
Dès que possible
Expérience
Minimum 3 ans
Métier
Administrateur de bases de données
Statut du poste
Cadre du secteur privé
Zone de déplacement
Pas de déplacement
Secteur d’activité du poste
CONSEIL POUR LES AFFAIRES ET AUTRES CONSEILS DE GESTION
Télétravail
Partiel possible
Descriptif du poste
ALBA Recrutement recherche pour son client, Groupe industriel international, un Administrateur Base de Données H/F.
Rattaché(e) au Directeur Des Systèmes d'Information, vous rejoignez une équipe informatique de 6 personnes.
Votre mission est de développer, de mettre en place et de maintenir les échanges de flux EDI entre les applications métier et les clients ou les partenaires.
Vos principales missions seront :
D'étudier les besoins métier et fonctionnels en communiquant avec les clients sur les problématiques techniques
D’analyser les flux de données
De réaliser les configurations techniques, les interfaces (mapping et intégration des données)
De vérifier la conformité aux spécifications techniques et fonctionnelles des donneurs d’ordres, de vérifier la structure des messages
De paramétrer les flux EDI dans l’ERP ou dans l'EAI
De piloter les tests techniques et de résoudre les incidents techniques
Profil recherché
De formation BAC+2 ou +3 en informatique, vous justifiez d'une première expérience d'au moins 3 ans sur un poste similaire orientée gestion des échanges de données informatiques (paramétrage, configuration, installation, formation) et/ou gestion de bases de données.
Une expérience informatique dans le domaine logistique et/ou l'exploitation des normes VDA, GALIA serait appréciée.
Vous maîtrisez les compétences techniques suivantes : Bases de données SQL (Oracle, MSSQL,), Langages XML et HTML, utilisation de Web service.
Excellent relationnel et très bon(ne) communicant(e), vous êtes à l'aise tant à l'écrit qu'à l'oral.
Rigoureux/rigoureuse, empathique, vous êtes force de proposition et en toute circonstance à l'écoute de votre client qu'il soit interne ou externe.
CDI
Télétravail possible 2 jours / semaine
Entreprise
ALBA Recrutement est un cabinet spécialisé dans le recrutement des fonctions support et de cadres dirigeants.
Personne en charge du recrutement
Aline André - Gérante"
"Kaino Consulting","https://fr.indeed.com/rc/clk?jk=37c7bede3c1b9ef5&fccid=a6a59f7a48130f9c&vjs=3","Hybrid remote in Tours (37)","https://fr.indeed.com/rc/clk?jk=37c7bede3c1b9ef5&fccid=a6a59f7a48130f9c&vjs=3","Postedil y a 30+ jours","https://fr.indeed.com/rc/clk?jk=37c7bede3c1b9ef5&fccid=a6a59f7a48130f9c&vjs=3",""
"Assystem","https://fr.indeed.com/rc/clk?jk=7a14d8184f23bbde&fccid=48961b7a8ac20637&vjs=3","Tours (37)","https://fr.indeed.com/rc/clk?jk=7a14d8184f23bbde&fccid=48961b7a8ac20637&vjs=3","Postedil y a 30+ jours","https://fr.indeed.com/rc/clk?jk=7a14d8184f23bbde&fccid=48961b7a8ac20637&vjs=3","À propos d'Assystem
Depuis 50 ans, nous sommes animés par la conviction que les ingénieurs, par leur audace, leur expertise et leur capacité à faire bouger les lignes sont les architectes du monde de demain.
Tous les jours, nos 7 000 collaborateurs innovent au contact de leurs clients et contribuent à l'accélération de la transition énergétique partout dans le monde. Ils accompagnent les plus grands projets de l'ingénierie mondiale dans les domaines de l'énergie, du digital et des transports.
Groupe international en forte croissance, nous sommes présents dans 13 pays (Europe, Moyen-Orient, Asie, Afrique).
Dans le cadre des grands projets de mise en service, d'exploitation, de maintenance et de démantèlement des Centrales Nucléaires de Production d'Electricité, la Business Unit Base Installée accompagne EDF sur l'ensemble de cette chaîne de valeur, par le biais de prestations d'AMOA sur sites et au sein de nos bureaux d'études d'ingénierie de Marseille et de Chessy. L'arrivée de la digitalisation au sein de ces infrastructures nucléaires a également créé de nouveaux besoins et de nouvelles opportunités sur lesquels la BU Base Installée se positionne, notamment pour l'aide à la maîtrise des arrêts de tranche et l'optimisation des opérations de maintenance par la logistique.
Description du Poste
ASSYSTEM accompagne EDF-DPN sur les sites de production nucléaire aussi bien que dans ses centres d’ingénierie. Dans ce cadre, ASSYSTEM a une volonté forte d’améliorer ses processus de travail et proposer de nouvelles offres à ces clients.
Vous serez en appui au Chef de Projet Innovation.
Vous participerez à un projet, visant à valoriser le savoir-faire de nos collaborateurs dans un souci d’amélioration continue, de partage d’expérience, de formation dans le domaine de la maintenance nucléaire.
Ce projet se base sur la recherche et la valorisation intelligente des données collectées auprès de nos équipes et issues de notre documentation.
Dans ce cadre vous collaborez les différentes interlocuteurs Assystem du projet dans les domaines techniques métiers, Innovation, Digital.
Le poste est basé sur Pierrelatte (26) ou Tours (37). Dans le cadre de vos missions, vous pourrez être amené à vous déplacer ponctuellement sur des CNPE ou des entités Assystem.
Profil
Vous préparez une formation type bac +5 (ingénieur ou universitaire) dans le knowledge Management, le deep learning et l’intelligence artificielle et avez des connaissances/compétences de base dans les domaines de l'électricité, de la mécanique, ou de l'automatisme.
Votre rigueur, votre sens de l’organisation ainsi que votre sens de l’écoute vous permettront de mener à bien votre mission.
Anglais requis pour échanges internes.
Vous possédez le permis B.
Chez Assystem, chacun est acteur et entrepreneur de sa carrière. Nous vous offrons l’opportunité et les moyens d’atteindre votre plein potentiel.
Alors rejoignez-nous et faites avancer à grand pas l’ingénierie de demain !
Nous nous engageons au respect de l’égalité de traitement entre les candidats, et célébrons toutes les formes de diversité. Chez Assystem, seules les compétences comptent !"
"CVA","https://fr.indeed.com/rc/clk?jk=2a4985e67236e9a4&fccid=68d839201264fb54&vjs=3","Orléans (45)","https://fr.indeed.com/rc/clk?jk=2a4985e67236e9a4&fccid=68d839201264fb54&vjs=3","Postedil y a 1 jour","https://fr.indeed.com/rc/clk?jk=2a4985e67236e9a4&fccid=68d839201264fb54&vjs=3","Data manager SIG F/H
Ref. Apec : 167607708W / Ref. Société : Data Manager SIG
CVA
1
CDD
de 10 mois
Orléans - 45
Publiée le 07/02/2022
Actualisée le 07/02/2022
Salaire
A négocier
Prise de poste
28/02/2022
Expérience
Minimum 3 ans
Métier
Chief Data Officer et Data Manager
Statut du poste
Cadre du secteur privé
Zone de déplacement
Pas de déplacement
Secteur d’activité du poste
INGÉNIERIE, ÉTUDES TECHNIQUES
Descriptif du poste
Dans le cadre de l’activité de notre client nous recherchons un data manager (H/F) en gestion de données géospatialisées géologiques sur des projets scientifiques et techniques.
Missions :
Intégrer les données numériques dans le système d’information métier (géologie, ressources minérales, géothermie…) en automatisant des processus pour accélérer l’intégration et la qualification de ces données.
Participer à la capitalisation des données numériques notamment en identifiant, transmettant et saisissant les données manquantes au SI.
Mettre à jour le catalogue des données géologiques et les services de diffusion sur les plateformes dédiées.
Produire la documentation technique en lien avec les taches réalisées
Profil recherché
Bac +5 en Data Management et SIG/Géomatique
Expérience exigée dans la gestion de données techniques avec l’exploitation d’outils ETL (FME, Talend, …)
Expérience dans l’élaboration de procédures d’intégration de données (PostgreSQL…)
Expérience sur les langages de script (Python, Shell, PL/SQL)
Connaissances des données géographiques et outils associés (QGIS, ArcGIS)
Connaissances des données géologiques, géophysiques et ressources minérales
Anglais technique et scientifique exigé
Entreprise
L'activité du Groupe CVA repose sur une idée simple : être le support technique RH pour manager les projets, et ce dans les secteurs très spécifiques que sont l'étude du Sol et du Sous-Sol, l'exploration et la gestion de Géo-Ressources et l'industrie des procédés chimiques. L'approche du recrutement chez CVA est, avant tout, fondée sur une compréhension approfondie des compétences techniques, du parcours et des attentes professionnelles de chacun
Personne en charge du recrutement
Camille Espouy - assistante de recrutement"
"Institut National de l'Information Géographique","https://fr.indeed.com/rc/clk?jk=535344f3cdbf02e9&fccid=0358ca12757a5e91&vjs=3","Nogent-sur-Vernisson (45)","https://fr.indeed.com/rc/clk?jk=535344f3cdbf02e9&fccid=0358ca12757a5e91&vjs=3","Postedil y a 30+ jours","https://fr.indeed.com/rc/clk?jk=535344f3cdbf02e9&fccid=0358ca12757a5e91&vjs=3","L’Institut national de l’information géographique et forestière (IGN) est un établissement public placé
sous la tutelle des ministères chargés de l’écologie et de la forêt. Sa vocation est de produire,
représenter et diffuser des données de référence relatives à la connaissance du territoire national
ainsi qu’aux forêts françaises et leur évolution. Les principales données de l’Institut sont disponibles
en ligne sur le site Géoportail et depuis 2021 en accès libre et gratuit. Les productions de l’IGN sont
tournées vers l’appui aux politiques publiques : environnement, aménagement du territoire, ville
durable, prévention des risques, agriculture, armées.... Dans un nombre croissant de domaines, l’IGN
développe des productions collaboratives avec des collectivités locales et des communautés d’acteurs
publics, privés ou citoyens.
Grâce à son école d’ingénieur, ENSG-Géomatique, et à ses équipes de recherche pluridisciplinaires,
l’institut dispose d’un potentiel d’innovation de haut niveau dans de multiples domaines (géodésie,
forêt, photogrammétrie, intelligence artificielle, analyse spatiale, visualisation 3D, etc.). L’IGN s’appuie
sur près de 1500 agents, actifs dans l’ensemble des régions.
Contexte du poste
La Direction des Opérations et des Territoires (DOT) est chargée d’élaborer et d’entretenir, de façon
mutualisée avec les acteurs publics, des données souveraines de qualité maîtrisée, d’en faire des
dérivations et des représentations appropriées, de stocker, d’archiver et de mettre à disposition les
produits diffusés et les données, photographies et cartes patrimoniales, de mettre en œuvre des
prestations à façon, d’adapter en continu les processus de production et les compétences métiers en
particulier pour intégrer, qualifier et gérer des données partagées, et de contribuer à promouvoir et à
accompagner l’utilisation des données souveraines et le développement de services.
Le Service de l’Information Statistique Forestière et Environnementale et les divisions inventaire
forestier des cinq directions territoriales de l’IGN sont chargés de réaliser l’inventaire forestier national
: définition des méthodes, collecte d’informations par photo-interprétation (analyse de 90 000 points
par an) et sur le terrain (14 000 placettes par an sont inventoriées par 25 équipes réparties sur le
territoire métropolitain), traitement et analyse des données et diffusion (http://inventaire-
forestier.ign.fr).
L’équipe produit « Inventaire forestier » organise, pilote et contrôle la collecte des données (photo-
interprétation et terrain) de l’enquête statistique annuelle d’inventaire forestier. Elle élabore les
documents de référence concernant les instructions à appliquer par les opérateurs chargés de
l’enquête. Elle mène le contrôle qualité en pilotant le contrôle national.
Elle assure la maîtrise d’ouvrage déléguée des chaines informatiques de collecte et dans une moindre
mesure de traitement des données d’inventaire.
Elle assure le passage des données de la base de collecte à la base de production. Avec les experts
base de données et statistiques, elle maintient à jour le système de métadonnées et la documentation
technique concernant les données.
L’équipe produit participe aux groupes de travail techniques sur l’inventaire pour faire évoluer la
méthode d’inventaire, élabore, teste et met en œuvre les évolutions retenues, assurer une veille
technologique sur les matériels utilisés pour la collecte.
Missions
Au sein l’équipe produit, l’ingénieur(e) d’études sera en charge de l’analyse des données et des
calculs sur les données collectées, dont : 
Analyser les données du contrôle qualité de l’inventaire forestier national et faire des
préconisations pour l’évolution des protocoles en conséquence ; 
Analyser diverses données collectées ; 
Participer à la documentation des données et des calculs ; 
Proposer de nouveaux calculs ou de nouveaux modèles en lien avec l’expertise et la
recherche à partir des données collectées actuelles ou à venir (qualité des bois,
renouvellement des peuplements, croissance et changement climatique, etc.).
Liens avec les agents en charge de l’inventaire dans les cinq directions territoriales de l’IGN. Il
travaille en relation étroite avec les experts internes ou externes du domaine.
Profil recherché
Expérience attendue dans l’analyse statistique et la modélisation de données forestières.
Compétences attendues :
Compétences techniques 
Connaître la réglementation technique 
Savoir maîtriser le logiciel R et interroger des bases de données (PostgreSQL). 
Savoir administrer des données (SQL) ; 
Savoir rédiger pour des publics variés ; 
Savoir rendre compte.
Compétences organisationnelles 
Etre autonome, rigoureux et organisé.
Compétences relationnelles 
Savoir s'exprimer clairement verbalement et par écrit ; 
Savoir collaborer et travailler en équipe.
Conditions
Type de contrat : fonctionnaire titulaire catégorie A ou CDD – 3 ans.
Prise de poste : Dès que possible, en fonction de la date de disponibilité du candidat retenu.
Lieu de travail : IGN Site Nogent sur Vernisson (45)
Contact
Merci d’adresser votre candidature, CV et Lettre de motivation, à :
recrutement-mobilite@ign.fr
sous la référence CMO/SISFE/ING-AN-DONNEES
Renseignements
Renseignements techniques et administratifs : recrutement-mobilite@ign.fr"
"DAHER","https://fr.indeed.com/rc/clk?jk=a076747028050d4a&fccid=ca90748d4ca63157&vjs=3","Tours (37)","https://fr.indeed.com/rc/clk?jk=a076747028050d4a&fccid=ca90748d4ca63157&vjs=3","Postedil y a 25 jours","https://fr.indeed.com/rc/clk?jk=a076747028050d4a&fccid=ca90748d4ca63157&vjs=3","DATA ENGINEER F/H
Ref. Apec : 167435896W / Ref. Société : R1408
DAHER
1
CDI
Tours - 37
Publiée le 11/01/2022
Actualisée le 11/01/2022
SUR LE SITE DE L'ENTREPRISE
Salaire
A partir de 50 k€ brut annuel
Prise de poste
Dès que possible
Expérience
Minimum 5 ans
Métier
Data scientist
Statut du poste
Cadre du secteur privé
Zone de déplacement
Pas de déplacement
Secteur d’activité du poste
FABRICATION DE PIÈCES TECHNIQUES À BASE DE MATIÈRES PLASTIQUES
Descriptif du poste
Pour accompagner notre développement et renforcer notre équipe, nous recherchons un(e) DATA ENGINEER, en CDI. Vous serez rattaché(e) au Responsable Département Informatique, à Tours. Vous serez garant de l’accès qualitatif aux sources de données.
Plus précisément, vous vous assurez de la maîtrise de la donnée et êtes garant de la qualité de son utilisation (référencement, normalisation, et qualification) afin d’en faciliter l’exploitation par les équipes (Data Analysts et Data Scientists).
Vous contribuez également à la définition de la politique de la donnée et à la structuration de son cycle de vie dans le respect des réglementations en vigueur, en collaboration avec le Chief Data Officer. Son périmètre d’intervention est axé sur les systèmes applicatifs autour de la gestion de la donnée et du traitement, et sur les plateformes Big Data, IoT, …
Enfin, vous assurez la supervision et l’intégration des données de diverse nature qui proviennent de ces sources multiples et vérifie la qualité des données qui entrent dans le Data Lake (recette de la donnée, supprime les doublons, …).
Pour résumer, votre rôle clé au sein de l’équipe sera de :
Capter les données (structurées et non structurées) produites dans les différentes applications ou à l’extérieur de l’entité
Intégrer les éléments
Structurer la donnée (sémantique, etc.)
Cartographier les éléments à disposition
Nettoyer la donnée (élimination des doublons, …)
Valider la donnée
Éventuellement, créer le référentiel de données
Profil recherché
Titulaire d'un Bac+5 en école Informatique ou équivalent, vous justifiez d'au moins 3 ans d'expérience en tant que Data Engineer, idéalement dans un environnement industriel : Aéronautique, Industrie, Energies, Logistique, Services Industriels, Finance, RH, Legal, IT
Vous maitrisez les périmètre technologies : SQL, gestion BD, mise en place flux ETL, développement reporting PowerBI, gestion du run Data Analytics, SSIS, Microsoft Azure, SQL Server 2016, scripting PowerShell, transact SQL, analyse et modélisation de données, méthodes de développement Agile.
Motivé(e), dynamique et doté(e) de grand sens de l'adaptabilité, il est également nécessaire de maitriser l'anglais.
Entreprise
Daher est un avionneur et un équipementier industrie et services. Daher affirme son leadership dans 3 principaux métiers - construction d'avions, équipements et systèmes aéronautiques, services logistiques et supply chain - et a réalisé un chiffre d'affaires de 1,1 milliard d'euros en 2017. Fort de son actionnariat familial, Daher est tourné vers l'innovation depuis sa création en 1863. Aujourd'hui présent dans 12 pays, Daher s'impose comme acteur de référence de l'industrie 4.0, en concevant et développant des solutions à valeur ajoutée pour ses partenaires industriels.
Rejoindre Daher, c’est…
Intégrer un groupe familial possédant une vision à long terme,
Apporter sa pierre à l’édifice au sein d’une entreprise en développement,
Développer de nouvelles compétences grâce à la diversité de vos missions,
Prendre part à une aventure humaine et industrielle pleine de challenges,
Innover et sortir des sentiers battus en intégrant un environnement stimulant.
Conseils
Attentif à l’intégration de nos collaborateurs et à la qualité de service rendue à nos clients, vous bénéficierez d’un parcours d’intégration et d’une formation à nos outils dès votre arrivée.
Personne en charge du recrutement
VANESSA BLAIS - CHEF DE PROJET RH"
"SPIREO","https://fr.indeed.com/rc/clk?jk=343d04553b61b651&fccid=4eebbac0104719a7&vjs=3","Tours (37)","https://fr.indeed.com/rc/clk?jk=343d04553b61b651&fccid=4eebbac0104719a7&vjs=3","Postedil y a 10 jours","https://fr.indeed.com/rc/clk?jk=343d04553b61b651&fccid=4eebbac0104719a7&vjs=3","Consultant Data / BI F/H
Ref. Apec : 167548362W
SPIREO
1
CDI
Tours - 37
Publiée le 27/01/2022
Actualisée le 27/01/2022
Salaire
A négocier
Prise de poste
Dès que possible
Expérience
Minimum 2 ans
Métier
Développeur BI
Statut du poste
Cadre du secteur privé
Zone de déplacement
Pas de déplacement
Secteur d’activité du poste
CONSEIL POUR LES AFFAIRES ET AUTRES CONSEILS DE GESTION
Télétravail
Total possible
Descriptif du poste
Nous recherchons un(e) consultant(e) Business Intelligence basé à Tour (Poste ouvert à Niort également)
En fonction de votre profil nous adapterons notre proposition en termes de salaire et de poste.
Les responsabilités vont du développement encadré au respect d’un engagement de service en passant par la gestion de la relation avec le client.
Seule contrainte: aimer travailler à l’objectif, en autonomie, être curieux(se) et avoir une sensibilité pour le traitement de la Data naturellement.
Profil recherché
ous avez fait des études dans le domaine informatique (gestion ou industriel), justifiez d'une bonne connaissance sur les bases de données et d'au moins 2 ans d'expérience? Alors contactez-nous.
Bonne maitrise des environnements SQL
Idéalement SQL SERVER (SQL / MDX)
Outil de restitution : Tableau Software / Qlikview
Expérience ETL (TALEND, INFORMATICA, SSIS) appréciée mais non nécessaire
Entreprise
SPIREO est spécialisé dans la conception, la mise en œuvre et la maintenance de système de pilotage et analyse de données pour les ETI/PME.
Processus de recrutement
Appel visio en premiere prise de contact
Rencontre à Tour et proposition dans la foulée si accord
Personne en charge du recrutement
Philippe OLIVIER - Gérant"
"CNAV","https://fr.indeed.com/rc/clk?jk=acc98116d8df7057&fccid=0abb47180c61805f&vjs=3","Hybrid remote in 37100 Tours","https://fr.indeed.com/rc/clk?jk=acc98116d8df7057&fccid=0abb47180c61805f&vjs=3","Postedil y a 29 jours","https://fr.indeed.com/rc/clk?jk=acc98116d8df7057&fccid=0abb47180c61805f&vjs=3","Garantir la cohérence de l’architecture Data dans le contexte d’architecte d’entreprise de l’acquisition de la donnée (Systèmes d’information opérationnels) jusqu’aux différentes restitutions ;
Définir le socle technique en lien avec la DataFactory, la production informatique, l’architecture d’entreprise et l’architecture technique ;
En lien avec les besoins d’usage, concevoir et valider l’architecture technique Data ;
Vous accompagnez, avec l’urbaniste Data, les équipes DataFactory dans les mises en œuvre et les équipes DataQualité sur les opportunités en lien avec les évolutions de l’architecture ;
Accompagner les équipes dans la mise en œuvre des solutions techniques ;
Réaliser une veille technologique permanente ;
Analyser l’impact des nouvelles solutions/nouvelles technologies ;
Promouvoir l'architecture Data retenue auprès des équipes qui interviennent sur les projets."